label,host_s,device_ms,single_deg,multi_deg,bus_v,legacy_current_ma,pwm_abs,nfault,awake,step,encoder_raw,velocity_dps,control_mode,legacy_target,phase,pwm_signed_legacy,pid_raw,pid_applied,stall_boost,settled,velocity_target_dps,current_target_ma,current_measured_ma,cascade_pwm
current_+500,0.000599299994064495,182567.0,5.19,0.92,19.42,-0.0,0.0,1.0,1.0,3.0,236.0,-0.0,0.0,0.0,1.0,0.0,0.0,0.0,0.0,0.0,0.0,0.0,0.0,0.0
current_+500,0.037657199980458245,182654.0,5.19,0.92,19.38,-3.0,274.0,1.0,1.0,3.0,236.0,-0.0,1.0,500.0,0.0,274.0,0.0,0.0,0.0,0.0,0.0,500.0,-3.0,275.0
current_+500,0.04805310000665486,182664.0,8.96,4.7,19.42,497.0,71.0,1.0,1.0,3.0,408.0,128.2,1.0,500.0,0.0,71.0,0.0,0.0,0.0,0.0,0.0,500.0,497.0,71.6
current_+500,0.05842849999316968,182674.0,11.67,7.4,19.38,577.0,40.0,1.0,1.0,3.0,531.0,167.3,1.0,500.0,0.0,40.0,0.0,0.0,0.0,0.0,0.0,500.0,577.0,40.5
current_+500,0.06801970000378788,182684.0,10.33,6.06,19.38,562.0,40.0,1.0,1.0,3.0,470.0,68.6,1.0,500.0,0.0,40.0,0.0,0.0,0.0,0.0,0.0,500.0,562.0,40.8
current_+500,0.07865250000031665,182695.0,8.2,3.93,19.4,541.0,43.0,1.0,1.0,3.0,373.0,-18.9,1.0,500.0,0.0,43.0,0.0,0.0,0.0,0.0,0.0,500.0,541.0,43.9
current_+500,0.08826829999452457,182704.0,7.65,3.38,19.42,534.0,45.0,1.0,1.0,3.0,348.0,-27.6,1.0,500.0,0.0,45.0,0.0,0.0,0.0,0.0,0.0,500.0,534.0,45.6
current_+500,0.0987394999829121,182715.0,7.91,3.65,19.35,531.0,47.0,1.0,1.0,3.0,360.0,-11.5,1.0,500.0,0.0,47.0,0.0,0.0,0.0,0.0,0.0,500.0,531.0,47.0
current_+500,0.1078579000022728,182724.0,7.89,3.63,19.35,545.0,40.0,1.0,1.0,3.0,359.0,-10.1,1.0,500.0,0.0,40.0,0.0,0.0,0.0,0.0,0.0,500.0,545.0,40.6
current_+500,0.11832399998093024,182734.0,7.89,3.63,19.38,536.0,43.0,1.0,1.0,3.0,359.0,-6.8,1.0,500.0,0.0,43.0,0.0,0.0,0.0,0.0,0.0,500.0,536.0,43.6
current_+500,0.12788019998697564,182744.0,7.89,3.63,19.38,539.0,41.0,1.0,1.0,3.0,359.0,-4.6,1.0,500.0,0.0,41.0,0.0,0.0,0.0,0.0,0.0,500.0,539.0,41.7
current_+500,0.13844029998290353,182754.0,7.89,3.63,19.42,545.0,38.0,1.0,1.0,3.0,359.0,-3.1,1.0,500.0,0.0,38.0,0.0,0.0,0.0,0.0,0.0,500.0,545.0,38.6
current_+500,0.14896339998813346,182765.0,7.89,3.63,19.42,542.0,39.0,1.0,1.0,3.0,359.0,-2.1,1.0,500.0,0.0,39.0,0.0,0.0,0.0,0.0,0.0,500.0,542.0,39.2
current_+500,0.15818090000539087,182774.0,7.89,3.63,19.42,529.0,43.0,1.0,1.0,3.0,359.0,-1.7,1.0,500.0,0.0,43.0,0.0,0.0,0.0,0.0,0.0,500.0,529.0,43.9
current_+500,0.16853329999139532,182785.0,7.89,3.63,19.38,531.0,42.0,1.0,1.0,3.0,359.0,-1.1,1.0,500.0,0.0,42.0,0.0,0.0,0.0,0.0,0.0,500.0,531.0,42.4
current_+500,0.17807289998745546,182794.0,7.89,3.63,19.38,536.0,40.0,1.0,1.0,3.0,359.0,-0.8,1.0,500.0,0.0,40.0,0.0,0.0,0.0,0.0,0.0,500.0,536.0,40.1
current_+500,0.1886909999884665,182805.0,7.89,3.63,19.38,530.0,41.0,1.0,1.0,3.0,359.0,-0.5,1.0,500.0,0.0,41.0,0.0,0.0,0.0,0.0,0.0,500.0,530.0,41.7
current_+500,0.19836389998090453,182814.0,7.89,3.63,19.38,522.0,44.0,1.0,1.0,3.0,359.0,-0.3,1.0,500.0,0.0,44.0,0.0,0.0,0.0,0.0,0.0,500.0,522.0,44.6
current_+500,0.20889290000195615,182825.0,7.89,3.63,19.38,527.0,41.0,1.0,1.0,3.0,359.0,-0.2,1.0,500.0,0.0,41.0,0.0,0.0,0.0,0.0,0.0,500.0,527.0,41.8
current_+500,0.2180400999786798,182834.0,7.89,3.63,19.38,522.0,43.0,1.0,1.0,3.0,359.0,-0.2,1.0,500.0,0.0,43.0,0.0,0.0,0.0,0.0,0.0,500.0,522.0,43.4
current_+500,0.22849499998847023,182844.0,7.89,3.63,19.42,532.0,38.0,1.0,1.0,3.0,359.0,-0.1,1.0,500.0,0.0,38.0,0.0,0.0,0.0,0.0,0.0,500.0,532.0,38.7
current_+500,0.23798809997970238,182854.0,7.89,3.63,19.37,536.0,36.0,1.0,1.0,3.0,359.0,-0.1,1.0,500.0,0.0,36.0,0.0,0.0,0.0,0.0,0.0,500.0,536.0,36.7
current_+500,0.24850529999821447,182864.0,7.89,3.63,19.37,544.0,33.0,1.0,1.0,3.0,359.0,-0.1,1.0,500.0,0.0,33.0,0.0,0.0,0.0,0.0,0.0,500.0,544.0,33.2
current_+500,0.2577772999939043,182874.0,7.89,3.63,19.4,525.0,40.0,1.0,1.0,3.0,359.0,-0.0,1.0,500.0,0.0,40.0,0.0,0.0,0.0,0.0,0.0,500.0,525.0,40.3
current_+500,0.26824330000090413,182884.0,7.89,3.63,19.38,520.0,42.0,1.0,1.0,3.0,359.0,-0.0,1.0,500.0,0.0,42.0,0.0,0.0,0.0,0.0,0.0,500.0,520.0,42.1
current_+500,0.277769599983003,182894.0,7.89,3.63,19.38,516.0,43.0,1.0,1.0,3.0,359.0,-0.0,1.0,500.0,0.0,43.0,0.0,0.0,0.0,0.0,0.0,500.0,516.0,43.2
current_+500,0.2884124999982305,182904.0,7.89,3.63,19.42,516.0,42.0,1.0,1.0,3.0,359.0,-0.0,1.0,500.0,0.0,42.0,0.0,0.0,0.0,0.0,0.0,500.0,516.0,42.7
current_+500,0.29811059997882694,182914.0,7.89,3.63,19.4,525.0,38.0,1.0,1.0,3.0,359.0,-0.0,1.0,500.0,0.0,38.0,0.0,0.0,0.0,0.0,0.0,500.0,525.0,38.6
current_+500,0.3086827999795787,182925.0,7.89,3.63,19.38,524.0,38.0,1.0,1.0,3.0,359.0,-0.0,1.0,500.0,0.0,38.0,0.0,0.0,0.0,0.0,0.0,500.0,524.0,38.7
current_+500,0.3178639999823645,182934.0,7.89,3.63,19.38,524.0,38.0,1.0,1.0,3.0,359.0,-0.0,1.0,500.0,0.0,38.0,0.0,0.0,0.0,0.0,0.0,500.0,524.0,38.7
current_+500,0.3283895000058692,182944.0,7.89,3.63,19.42,525.0,37.0,1.0,1.0,3.0,359.0,-0.0,1.0,500.0,0.0,37.0,0.0,0.0,0.0,0.0,0.0,500.0,525.0,38.0
current_+500,0.33804849997977726,182954.0,7.89,3.63,19.4,529.0,36.0,1.0,1.0,3.0,359.0,-0.0,1.0,500.0,0.0,36.0,0.0,0.0,0.0,0.0,0.0,500.0,529.0,36.2
current_+500,0.3486607999948319,182964.0,7.89,3.63,19.38,519.0,39.0,1.0,1.0,3.0,359.0,-0.0,1.0,500.0,0.0,39.0,0.0,0.0,0.0,0.0,0.0,500.0,519.0,39.6
current_+500,0.35790209998958744,182974.0,7.89,3.63,19.38,517.0,40.0,1.0,1.0,3.0,359.0,-0.0,1.0,500.0,0.0,40.0,0.0,0.0,0.0,0.0,0.0,500.0,517.0,40.5
current_+500,0.36844329998712055,182984.0,7.89,3.63,19.38,514.0,41.0,1.0,1.0,3.0,359.0,-0.0,1.0,500.0,0.0,41.0,0.0,0.0,0.0,0.0,0.0,500.0,514.0,41.2
current_+500,0.37806849999469705,182994.0,7.89,3.63,19.43,512.0,41.0,1.0,1.0,3.0,359.0,-0.0,1.0,500.0,0.0,41.0,0.0,0.0,0.0,0.0,0.0,500.0,512.0,41.3
current_+500,0.3887011999904644,183005.0,7.89,3.63,19.41,519.0,38.0,1.0,1.0,3.0,359.0,-0.0,1.0,500.0,0.0,38.0,0.0,0.0,0.0,0.0,0.0,500.0,519.0,38.5
current_+500,0.39843450000626035,183014.0,7.89,3.63,19.42,505.0,43.0,1.0,1.0,3.0,359.0,-0.0,1.0,500.0,0.0,43.0,0.0,0.0,0.0,0.0,0.0,500.0,505.0,43.8
current_+500,0.4089644000050612,183025.0,7.89,3.63,19.42,514.0,40.0,1.0,1.0,3.0,359.0,-0.0,1.0,500.0,0.0,40.0,0.0,0.0,0.0,0.0,0.0,500.0,514.0,40.1
current_+500,0.4181987000047229,183034.0,7.89,3.63,19.42,506.0,42.0,1.0,1.0,3.0,359.0,-0.0,1.0,500.0,0.0,42.0,0.0,0.0,0.0,0.0,0.0,500.0,506.0,43.0
current_+500,0.4287278999981936,183045.0,7.89,3.63,19.42,517.0,38.0,1.0,1.0,3.0,359.0,-0.0,1.0,500.0,0.0,38.0,0.0,0.0,0.0,0.0,0.0,500.0,517.0,38.4
current_+500,0.43842839999706484,183054.0,7.89,3.63,19.42,505.0,42.0,1.0,1.0,3.0,359.0,-0.0,1.0,500.0,0.0,42.0,0.0,0.0,0.0,0.0,0.0,500.0,505.0,42.9
current_+500,0.4490071999898646,183065.0,7.89,3.63,19.36,512.0,39.0,1.0,1.0,3.0,359.0,-0.0,1.0,500.0,0.0,39.0,0.0,0.0,0.0,0.0,0.0,500.0,512.0,39.8
current_+500,0.458333099988522,183074.0,7.89,3.63,19.42,512.0,39.0,1.0,1.0,3.0,359.0,-0.0,1.0,500.0,0.0,39.0,0.0,0.0,0.0,0.0,0.0,500.0,512.0,39.5
current_+500,0.4679253999784123,183084.0,7.89,3.63,19.42,513.0,39.0,1.0,1.0,3.0,359.0,-0.0,1.0,500.0,0.0,39.0,0.0,0.0,0.0,0.0,0.0,500.0,513.0,39.1
current_+500,0.47864869999466464,183094.0,7.89,3.63,19.37,508.0,40.0,1.0,1.0,3.0,359.0,-0.0,1.0,500.0,0.0,40.0,0.0,0.0,0.0,0.0,0.0,500.0,508.0,40.8
current_+500,0.48831950000021607,183104.0,7.89,3.63,19.42,518.0,36.0,1.0,1.0,3.0,359.0,-0.0,1.0,500.0,0.0,36.0,0.0,0.0,0.0,0.0,0.0,500.0,518.0,36.6
current_+500,0.4988612000015564,183115.0,7.89,3.63,19.41,517.0,37.0,1.0,1.0,3.0,359.0,-0.0,1.0,500.0,0.0,37.0,0.0,0.0,0.0,0.0,0.0,500.0,517.0,37.1
current_+500,0.508115499978885,183124.0,7.89,3.63,19.41,509.0,40.0,1.0,1.0,3.0,359.0,-0.0,1.0,500.0,0.0,40.0,0.0,0.0,0.0,0.0,0.0,500.0,509.0,40.2
current_+500,0.5185957000066992,183135.0,7.89,3.63,19.42,509.0,39.0,1.0,1.0,3.0,359.0,-0.0,1.0,500.0,0.0,39.0,0.0,0.0,0.0,0.0,0.0,500.0,509.0,39.8
current_+500,0.5282203999813646,183144.0,7.89,3.63,19.42,513.0,38.0,1.0,1.0,3.0,359.0,-0.0,1.0,500.0,0.0,38.0,0.0,0.0,0.0,0.0,0.0,500.0,513.0,38.1
current_+500,0.5380536000011489,183154.0,7.89,3.63,19.38,505.0,41.0,1.0,1.0,3.0,359.0,-0.0,1.0,500.0,0.0,41.0,0.0,0.0,0.0,0.0,0.0,500.0,505.0,41.1
current_+500,0.5485481999930926,183164.0,7.89,3.63,19.42,505.0,41.0,1.0,1.0,3.0,359.0,-0.0,1.0,500.0,0.0,41.0,0.0,0.0,0.0,0.0,0.0,500.0,505.0,41.1
current_+500,0.5578954999800771,183174.0,7.89,3.63,19.4,506.0,40.0,1.0,1.0,3.0,359.0,-0.0,1.0,500.0,0.0,40.0,0.0,0.0,0.0,0.0,0.0,500.0,506.0,40.5
current_+500,0.5684171000029892,183184.0,7.89,3.63,19.42,513.0,37.0,1.0,1.0,3.0,359.0,-0.0,1.0,500.0,0.0,37.0,0.0,0.0,0.0,0.0,0.0,500.0,513.0,37.4
current_+500,0.578045000002021,183194.0,7.89,3.63,19.35,498.0,43.0,1.0,1.0,3.0,359.0,-0.0,1.0,500.0,0.0,43.0,0.0,0.0,0.0,0.0,0.0,500.0,498.0,43.6
current_+500,0.5887031999882311,183205.0,7.89,3.63,19.38,514.0,36.0,1.0,1.0,3.0,359.0,-0.0,1.0,500.0,0.0,36.0,0.0,0.0,0.0,0.0,0.0,500.0,514.0,36.8
current_+500,0.5984341999865137,183214.0,7.89,3.63,19.38,507.0,39.0,1.0,1.0,3.0,359.0,-0.0,1.0,500.0,0.0,39.0,0.0,0.0,0.0,0.0,0.0,500.0,507.0,39.7
current_+500,0.6093196999863721,183225.0,7.89,3.63,19.42,501.0,41.0,1.0,1.0,3.0,359.0,-0.0,1.0,500.0,0.0,41.0,0.0,0.0,0.0,0.0,0.0,500.0,501.0,41.7
current_+500,0.6188237000023946,183234.0,7.89,3.63,19.42,510.0,37.0,1.0,1.0,3.0,359.0,-0.0,1.0,500.0,0.0,37.0,0.0,0.0,0.0,0.0,0.0,500.0,510.0,38.0
current_+500,0.627802699978929,183244.0,7.89,3.63,19.4,502.0,41.0,1.0,1.0,3.0,359.0,-0.0,1.0,500.0,0.0,41.0,0.0,0.0,0.0,0.0,0.0,500.0,502.0,41.3
current_+500,0.6387988000060432,183254.0,7.89,3.63,19.37,521.0,33.0,1.0,1.0,3.0,359.0,-0.0,1.0,500.0,0.0,33.0,0.0,0.0,0.0,0.0,0.0,500.0,521.0,33.4
current_+500,0.6480331000057049,183264.0,7.89,3.63,19.38,499.0,42.0,1.0,1.0,3.0,359.0,-0.0,1.0,500.0,0.0,42.0,0.0,0.0,0.0,0.0,0.0,500.0,499.0,42.5
current_+500,0.6585390999971423,183274.0,7.89,3.63,19.42,513.0,36.0,1.0,1.0,3.0,359.0,-0.0,1.0,500.0,0.0,36.0,0.0,0.0,0.0,0.0,0.0,500.0,513.0,36.7
current_+500,0.6682059000013396,183284.0,7.89,3.63,19.37,507.0,39.0,1.0,1.0,3.0,359.0,-0.0,1.0,500.0,0.0,39.0,0.0,0.0,0.0,0.0,0.0,500.0,507.0,39.1
current_+500,0.6786104000057094,183294.0,7.89,3.63,19.4,497.0,42.0,1.0,1.0,3.0,359.0,-0.0,1.0,500.0,0.0,42.0,0.0,0.0,0.0,0.0,0.0,500.0,497.0,42.8
current_+500,0.6887330999888945,183304.0,7.89,3.63,19.4,498.0,42.0,1.0,1.0,3.0,359.0,-0.0,1.0,500.0,0.0,42.0,0.0,0.0,0.0,0.0,0.0,500.0,498.0,42.3
current_+500,0.6989023000060115,183315.0,7.89,3.63,19.37,513.0,36.0,1.0,1.0,3.0,359.0,-0.0,1.0,500.0,0.0,36.0,0.0,0.0,0.0,0.0,0.0,500.0,513.0,36.5
current_+500,0.7080523000040557,183324.0,7.89,3.63,19.37,502.0,40.0,1.0,1.0,3.0,359.0,-0.0,1.0,500.0,0.0,40.0,0.0,0.0,0.0,0.0,0.0,500.0,502.0,40.9
current_+500,0.7185310999921057,183334.0,7.89,3.63,19.42,505.0,39.0,1.0,1.0,3.0,359.0,-0.0,1.0,500.0,0.0,39.0,0.0,0.0,0.0,0.0,0.0,500.0,505.0,39.5
current_+500,0.7281496000068728,183344.0,7.89,3.63,19.42,506.0,38.0,1.0,1.0,3.0,359.0,-0.0,1.0,500.0,0.0,38.0,0.0,0.0,0.0,0.0,0.0,500.0,506.0,38.7
current_+500,0.7383570999954827,183354.0,7.89,3.63,19.42,500.0,41.0,1.0,1.0,3.0,359.0,-0.0,1.0,500.0,0.0,41.0,0.0,0.0,0.0,0.0,0.0,500.0,500.0,41.3
current_+500,0.7485476000001654,183364.0,7.89,3.63,19.4,506.0,39.0,1.0,1.0,3.0,359.0,-0.0,1.0,500.0,0.0,39.0,0.0,0.0,0.0,0.0,0.0,500.0,506.0,39.0
current_+500,0.7578394000011031,183374.0,7.89,3.63,19.38,513.0,36.0,1.0,1.0,3.0,359.0,-0.0,1.0,500.0,0.0,36.0,0.0,0.0,0.0,0.0,0.0,500.0,513.0,36.0
current_+500,0.7684045000059996,183384.0,7.89,3.63,19.4,497.0,42.0,1.0,1.0,3.0,359.0,-0.0,1.0,500.0,0.0,42.0,0.0,0.0,0.0,0.0,0.0,500.0,497.0,42.4
current_+500,0.7780395000008866,183394.0,7.89,3.63,19.37,506.0,38.0,1.0,1.0,3.0,359.0,-0.0,1.0,500.0,0.0,38.0,0.0,0.0,0.0,0.0,0.0,500.0,506.0,38.7
current_+500,0.7891344999952707,183405.0,7.89,3.63,19.42,506.0,38.0,1.0,1.0,3.0,359.0,-0.0,1.0,500.0,0.0,38.0,0.0,0.0,0.0,0.0,0.0,500.0,506.0,38.6
current_+500,0.7986048999882769,183414.0,7.89,3.63,19.37,499.0,41.0,1.0,1.0,3.0,359.0,-0.0,1.0,500.0,0.0,41.0,0.0,0.0,0.0,0.0,0.0,500.0,499.0,41.7
current_+500,0.8089623999840114,183425.0,7.89,3.63,19.25,497.0,42.0,1.0,1.0,3.0,359.0,-0.0,1.0,500.0,0.0,42.0,0.0,0.0,0.0,0.0,0.0,500.0,497.0,42.5
current_+500,0.8182057999947574,183434.0,7.89,3.63,19.25,504.0,39.0,1.0,1.0,3.0,359.0,-0.0,1.0,500.0,0.0,39.0,0.0,0.0,0.0,0.0,0.0,500.0,504.0,39.8
current_+500,0.8277904999849852,183444.0,7.89,3.63,19.35,501.0,40.0,1.0,1.0,3.0,359.0,-0.0,1.0,500.0,0.0,40.0,0.0,0.0,0.0,0.0,0.0,500.0,501.0,40.6
current_+500,0.8385857999965083,183454.0,7.89,3.63,19.4,510.0,36.0,1.0,1.0,3.0,359.0,-0.0,1.0,500.0,0.0,36.0,0.0,0.0,0.0,0.0,0.0,500.0,510.0,36.7
current_+500,0.8478175000054762,183464.0,7.89,3.63,19.42,495.0,42.0,1.0,1.0,3.0,359.0,-0.0,1.0,500.0,0.0,42.0,0.0,0.0,0.0,0.0,0.0,500.0,495.0,42.7
current_+500,0.858403799997177,183474.0,7.89,3.63,19.42,501.0,40.0,1.0,1.0,3.0,359.0,-0.0,1.0,500.0,0.0,40.0,0.0,0.0,0.0,0.0,0.0,500.0,501.0,40.0
current_+500,0.8679852999921422,183484.0,7.89,3.63,19.38,497.0,41.0,1.0,1.0,3.0,359.0,-0.0,1.0,500.0,0.0,41.0,0.0,0.0,0.0,0.0,0.0,500.0,497.0,42.0
current_+500,0.8786792999890167,183495.0,7.89,3.63,19.38,502.0,39.0,1.0,1.0,3.0,359.0,-0.0,1.0,500.0,0.0,39.0,0.0,0.0,0.0,0.0,0.0,500.0,502.0,39.7
current_+500,0.8883641999855172,183504.0,7.89,3.63,19.38,495.0,42.0,1.0,1.0,3.0,359.0,-0.0,1.0,500.0,0.0,42.0,0.0,0.0,0.0,0.0,0.0,500.0,495.0,42.4
current_+500,0.8989313000056427,183515.0,7.89,3.63,19.38,500.0,40.0,1.0,1.0,3.0,359.0,-0.0,1.0,500.0,0.0,40.0,0.0,0.0,0.0,0.0,0.0,500.0,500.0,40.6
current_+500,0.9081589999841526,183524.0,7.89,3.63,19.38,504.0,38.0,1.0,1.0,3.0,359.0,-0.0,1.0,500.0,0.0,38.0,0.0,0.0,0.0,0.0,0.0,500.0,504.0,38.8
current_+500,0.9189878999895882,183535.0,7.89,3.63,19.4,501.0,40.0,1.0,1.0,3.0,359.0,-0.0,1.0,500.0,0.0,40.0,0.0,0.0,0.0,0.0,0.0,500.0,501.0,40.0
current_+500,0.9286519000015687,183544.0,7.89,3.63,19.38,499.0,40.0,1.0,1.0,3.0,359.0,-0.0,1.0,500.0,0.0,40.0,0.0,0.0,0.0,0.0,0.0,500.0,499.0,40.8
current_+500,0.9380900999822188,183554.0,7.89,3.63,19.42,503.0,38.0,1.0,1.0,3.0,359.0,-0.0,1.0,500.0,0.0,38.0,0.0,0.0,0.0,0.0,0.0,500.0,503.0,38.9
current_+500,0.9486892999848351,183565.0,7.89,3.63,19.44,505.0,38.0,1.0,1.0,3.0,359.0,-0.0,1.0,500.0,0.0,38.0,0.0,0.0,0.0,0.0,0.0,500.0,505.0,38.3
current_+500,0.9579800000065006,183574.0,7.89,3.63,19.38,504.0,38.0,1.0,1.0,3.0,359.0,-0.0,1.0,500.0,0.0,38.0,0.0,0.0,0.0,0.0,0.0,500.0,504.0,38.9
current_+500,0.968486199999461,183584.0,7.89,3.63,19.4,500.0,40.0,1.0,1.0,3.0,359.0,-0.0,1.0,500.0,0.0,40.0,0.0,0.0,0.0,0.0,0.0,500.0,500.0,40.3
current_+500,0.9781260000017937,183594.0,7.89,3.63,19.42,503.0,39.0,1.0,1.0,3.0,359.0,-0.0,1.0,500.0,0.0,39.0,0.0,0.0,0.0,0.0,0.0,500.0,503.0,39.2
current_+500,0.9878179999941494,183604.0,7.89,3.63,19.42,500.0,40.0,1.0,1.0,3.0,359.0,-0.0,1.0,500.0,0.0,40.0,0.0,0.0,0.0,0.0,0.0,500.0,500.0,40.4
current_+500,0.9984409000026062,183614.0,7.89,3.63,19.4,503.0,38.0,1.0,1.0,3.0,359.0,-0.0,1.0,500.0,0.0,38.0,0.0,0.0,0.0,0.0,0.0,500.0,503.0,38.9
current_+500,1.0094168999930844,183625.0,7.89,3.63,19.35,498.0,41.0,1.0,1.0,3.0,359.0,-0.0,1.0,500.0,0.0,41.0,0.0,0.0,0.0,0.0,0.0,500.0,498.0,41.1
current_+500,1.018560600001365,183634.0,7.89,3.63,19.35,497.0,41.0,1.0,1.0,3.0,359.0,-0.0,1.0,500.0,0.0,41.0,0.0,0.0,0.0,0.0,0.0,500.0,497.0,41.5
current_+500,1.0278654999856371,183644.0,7.89,3.63,19.42,500.0,40.0,1.0,1.0,3.0,359.0,-0.0,1.0,500.0,0.0,40.0,0.0,0.0,0.0,0.0,0.0,500.0,500.0,40.1
current_+500,1.0386897999851499,183655.0,7.89,3.63,19.42,501.0,39.0,1.0,1.0,3.0,359.0,-0.0,1.0,500.0,0.0,39.0,0.0,0.0,0.0,0.0,0.0,500.0,501.0,39.5
current_+500,1.0483648999943398,183664.0,7.89,3.63,19.4,498.0,40.0,1.0,1.0,3.0,359.0,-0.0,1.0,500.0,0.0,40.0,0.0,0.0,0.0,0.0,0.0,500.0,498.0,41.0
current_+500,1.058977499982575,183675.0,7.89,3.63,19.4,497.0,41.0,1.0,1.0,3.0,359.0,-0.0,1.0,500.0,0.0,41.0,0.0,0.0,0.0,0.0,0.0,500.0,497.0,41.3
current_+500,1.0682874000049196,183684.0,7.89,3.63,19.4,502.0,39.0,1.0,1.0,3.0,359.0,-0.0,1.0,500.0,0.0,39.0,0.0,0.0,0.0,0.0,0.0,500.0,502.0,39.1
current_+500,1.0778738999797497,183694.0,7.89,3.63,19.42,501.0,39.0,1.0,1.0,3.0,359.0,-0.0,1.0,500.0,0.0,39.0,0.0,0.0,0.0,0.0,0.0,500.0,501.0,39.5
current_+500,1.088590600003954,183704.0,7.89,3.63,19.42,502.0,39.0,1.0,1.0,3.0,359.0,-0.0,1.0,500.0,0.0,39.0,0.0,0.0,0.0,0.0,0.0,500.0,502.0,39.0
current_+500,1.0982865999976639,183714.0,7.89,3.63,19.38,496.0,41.0,1.0,1.0,3.0,359.0,-0.0,1.0,500.0,0.0,41.0,0.0,0.0,0.0,0.0,0.0,500.0,496.0,41.6
current_+500,1.1088064000068698,183725.0,7.89,3.63,19.42,507.0,37.0,1.0,1.0,3.0,359.0,-0.0,1.0,500.0,0.0,37.0,0.0,0.0,0.0,0.0,0.0,500.0,507.0,37.1
current_+500,1.1183581999794114,183734.0,7.89,3.63,19.42,498.0,40.0,1.0,1.0,3.0,359.0,-0.0,1.0,500.0,0.0,40.0,0.0,0.0,0.0,0.0,0.0,500.0,498.0,40.9
current_+500,1.1287507999804802,183744.0,7.89,3.63,19.42,501.0,39.0,1.0,1.0,3.0,359.0,-0.0,1.0,500.0,0.0,39.0,0.0,0.0,0.0,0.0,0.0,500.0,501.0,39.6
current_+500,1.1382044999918435,183754.0,7.89,3.63,19.4,510.0,36.0,1.0,1.0,3.0,359.0,-0.0,1.0,500.0,0.0,36.0,0.0,0.0,0.0,0.0,0.0,500.0,510.0,36.1
current_+500,1.1487324000045191,183765.0,7.89,3.63,19.38,505.0,38.0,1.0,1.0,3.0,359.0,-0.0,1.0,500.0,0.0,38.0,0.0,0.0,0.0,0.0,0.0,500.0,505.0,38.1
current_+500,1.1583699999901,183774.0,7.89,3.63,19.4,504.0,38.0,1.0,1.0,3.0,359.0,-0.0,1.0,500.0,0.0,38.0,0.0,0.0,0.0,0.0,0.0,500.0,504.0,38.5
current_+500,1.1685063999902923,183784.0,7.89,3.63,19.42,501.0,39.0,1.0,1.0,3.0,359.0,-0.0,1.0,500.0,0.0,39.0,0.0,0.0,0.0,0.0,0.0,500.0,501.0,39.3
current_+500,1.1780907000065781,183794.0,7.89,3.63,19.4,499.0,40.0,1.0,1.0,3.0,359.0,-0.0,1.0,500.0,0.0,40.0,0.0,0.0,0.0,0.0,0.0,500.0,499.0,40.4
current_+500,1.1877948000037577,183804.0,7.89,3.63,19.37,499.0,40.0,1.0,1.0,3.0,359.0,-0.0,1.0,500.0,0.0,40.0,0.0,0.0,0.0,0.0,0.0,500.0,499.0,40.5
current_+500,1.1983876999875065,183814.0,7.89,3.63,19.38,506.0,37.0,1.0,1.0,3.0,359.0,-0.0,1.0,500.0,0.0,37.0,0.0,0.0,0.0,0.0,0.0,500.0,506.0,37.6
current_+500,1.2089234000013676,183825.0,7.89,3.63,19.36,499.0,40.0,1.0,1.0,3.0,359.0,-0.0,1.0,500.0,0.0,40.0,0.0,0.0,0.0,0.0,0.0,500.0,499.0,40.5
current_+500,1.2181558999873232,183834.0,7.89,3.63,19.36,503.0,39.0,1.0,1.0,3.0,359.0,-0.0,1.0,500.0,0.0,39.0,0.0,0.0,0.0,0.0,0.0,500.0,503.0,39.0
current_+500,1.2277636999788228,183844.0,7.89,3.63,19.4,499.0,40.0,1.0,1.0,3.0,359.0,-0.0,1.0,500.0,0.0,40.0,0.0,0.0,0.0,0.0,0.0,500.0,499.0,40.4
current_+500,1.2395725999958813,183854.0,7.89,3.63,19.37,498.0,40.0,1.0,1.0,3.0,359.0,-0.0,1.0,500.0,0.0,40.0,0.0,0.0,0.0,0.0,0.0,500.0,498.0,40.8
current_+500,1.2477993999782484,183864.0,7.89,3.63,19.36,500.0,39.0,1.0,1.0,3.0,359.0,-0.0,1.0,500.0,0.0,39.0,0.0,0.0,0.0,0.0,0.0,500.0,500.0,39.9
current_+500,1.2583337999822106,183874.0,7.89,3.63,19.4,503.0,38.0,1.0,1.0,3.0,359.0,-0.0,1.0,500.0,0.0,38.0,0.0,0.0,0.0,0.0,0.0,500.0,503.0,38.7
current_+500,1.2678993000008631,183884.0,7.89,3.63,19.38,499.0,40.0,1.0,1.0,3.0,359.0,-0.0,1.0,500.0,0.0,40.0,0.0,0.0,0.0,0.0,0.0,500.0,499.0,40.3
current_+500,1.278588499990292,183895.0,7.89,3.63,19.42,502.0,39.0,1.0,1.0,3.0,359.0,-0.0,1.0,500.0,0.0,39.0,0.0,0.0,0.0,0.0,0.0,500.0,502.0,39.1
current_+500,1.288305499998387,183904.0,7.89,3.63,19.38,506.0,37.0,1.0,1.0,3.0,359.0,-0.0,1.0,500.0,0.0,37.0,0.0,0.0,0.0,0.0,0.0,500.0,506.0,37.6
current_+500,1.2989113999938127,183915.0,7.89,3.63,19.36,495.0,41.0,1.0,1.0,3.0,359.0,-0.0,1.0,500.0,0.0,41.0,0.0,0.0,0.0,0.0,0.0,500.0,495.0,41.9
current_+500,1.3081101999850944,183924.0,7.89,3.63,19.36,506.0,37.0,1.0,1.0,3.0,359.0,-0.0,1.0,500.0,0.0,37.0,0.0,0.0,0.0,0.0,0.0,500.0,506.0,37.5
current_+500,1.318682599987369,183935.0,7.89,3.63,19.42,495.0,41.0,1.0,1.0,3.0,359.0,-0.0,1.0,500.0,0.0,41.0,0.0,0.0,0.0,0.0,0.0,500.0,495.0,41.6
current_+500,1.3282874999858905,183944.0,7.89,3.63,19.41,501.0,39.0,1.0,1.0,3.0,359.0,-0.0,1.0,500.0,0.0,39.0,0.0,0.0,0.0,0.0,0.0,500.0,501.0,39.6
current_+500,1.3380784000037238,183954.0,7.89,3.63,19.42,514.0,34.0,1.0,1.0,3.0,359.0,-0.0,1.0,500.0,0.0,34.0,0.0,0.0,0.0,0.0,0.0,500.0,514.0,34.3
current_+500,1.34866299998248,183965.0,7.89,3.63,19.42,502.0,38.0,1.0,1.0,3.0,359.0,-0.0,1.0,500.0,0.0,38.0,0.0,0.0,0.0,0.0,0.0,500.0,502.0,38.9
current_+500,1.3578899999847636,183974.0,7.89,3.63,19.41,507.0,37.0,1.0,1.0,3.0,359.0,-0.0,1.0,500.0,0.0,37.0,0.0,0.0,0.0,0.0,0.0,500.0,507.0,37.2
current_+500,1.3684011999866925,183984.0,7.89,3.63,19.38,501.0,39.0,1.0,1.0,3.0,359.0,-0.0,1.0,500.0,0.0,39.0,0.0,0.0,0.0,0.0,0.0,500.0,501.0,39.8
current_+500,1.3780288999842014,183994.0,7.89,3.63,19.38,496.0,41.0,1.0,1.0,3.0,359.0,-0.0,1.0,500.0,0.0,41.0,0.0,0.0,0.0,0.0,0.0,500.0,496.0,41.7
current_+500,1.3886868999979924,184005.0,7.89,3.63,19.42,498.0,40.0,1.0,1.0,3.0,359.0,-0.0,1.0,500.0,0.0,40.0,0.0,0.0,0.0,0.0,0.0,500.0,498.0,40.7
current_+500,1.3983848000061698,184014.0,7.89,3.63,19.38,494.0,42.0,1.0,1.0,3.0,359.0,-0.0,1.0,500.0,0.0,42.0,0.0,0.0,0.0,0.0,0.0,500.0,494.0,42.5
current_+500,1.408940099994652,184025.0,7.89,3.63,19.36,495.0,41.0,1.0,1.0,3.0,359.0,-0.0,1.0,500.0,0.0,41.0,0.0,0.0,0.0,0.0,0.0,500.0,495.0,41.9
current_+500,1.4181271999841556,184034.0,7.89,3.63,19.36,500.0,40.0,1.0,1.0,3.0,359.0,-0.0,1.0,500.0,0.0,40.0,0.0,0.0,0.0,0.0,0.0,500.0,500.0,40.2
current_+500,1.4286789000034332,184045.0,7.89,3.63,19.38,500.0,40.0,1.0,1.0,3.0,359.0,-0.0,1.0,500.0,0.0,40.0,0.0,0.0,0.0,0.0,0.0,500.0,500.0,40.1
current_+500,1.4383439999946859,184054.0,7.89,3.63,19.38,489.0,44.0,1.0,1.0,3.0,359.0,-0.0,1.0,500.0,0.0,44.0,0.0,0.0,0.0,0.0,0.0,500.0,489.0,44.1
current_+500,1.4489560999791138,184065.0,7.89,3.63,19.4,490.0,43.0,1.0,1.0,3.0,359.0,-0.0,1.0,500.0,0.0,43.0,0.0,0.0,0.0,0.0,0.0,500.0,490.0,43.9
current_+500,1.4582700000028126,184074.0,7.89,3.63,19.42,497.0,40.0,1.0,1.0,3.0,359.0,-0.0,1.0,500.0,0.0,40.0,0.0,0.0,0.0,0.0,0.0,500.0,497.0,40.6
current_+500,1.4678119999880437,184084.0,7.89,3.63,19.4,497.0,40.0,1.0,1.0,3.0,359.0,-0.0,1.0,500.0,0.0,40.0,0.0,0.0,0.0,0.0,0.0,500.0,497.0,41.0
current_+500,1.47852909998619,184094.0,7.89,3.63,19.42,497.0,40.0,1.0,1.0,3.0,359.0,-0.0,1.0,500.0,0.0,40.0,0.0,0.0,0.0,0.0,0.0,500.0,497.0,40.6
current_+500,1.4882726999931037,184104.0,7.89,3.63,19.42,507.0,36.0,1.0,1.0,3.0,359.0,-0.0,1.0,500.0,0.0,36.0,0.0,0.0,0.0,0.0,0.0,500.0,507.0,36.6
current_+500,1.4987877999956254,184115.0,7.89,3.63,19.36,492.0,43.0,1.0,1.0,3.0,359.0,-0.0,1.0,500.0,0.0,43.0,0.0,0.0,0.0,0.0,0.0,500.0,492.0,43.2
current_+500,1.5080077000020538,184124.0,7.89,3.63,19.36,498.0,40.0,1.0,1.0,3.0,359.0,-0.0,1.0,500.0,0.0,40.0,0.0,0.0,0.0,0.0,0.0,500.0,498.0,40.5
current_-500,0.036205200012773275,184862.0,7.32,3.05,19.38,-4.0,272.0,1.0,1.0,3.0,333.0,-0.0,1.0,-500.0,1.0,-272.0,0.0,0.0,0.0,0.0,0.0,-500.0,-4.0,-272.2
current_-500,0.04658130000461824,184872.0,3.76,-0.51,19.38,-533.0,58.0,1.0,1.0,3.0,171.0,-120.2,1.0,-500.0,1.0,-58.0,0.0,0.0,0.0,0.0,0.0,-500.0,-533.0,-58.9
current_-500,0.05699139999342151,184883.0,0.7,-3.56,19.38,-575.0,43.0,1.0,1.0,3.0,32.0,-171.8,1.0,-500.0,1.0,-43.0,0.0,0.0,0.0,0.0,0.0,-500.0,-575.0,-43.3
current_-500,0.06662920000962913,184892.0,1.54,-2.72,19.38,-579.0,36.0,1.0,1.0,3.0,70.0,-87.8,1.0,-500.0,1.0,-36.0,0.0,0.0,0.0,0.0,0.0,-500.0,-579.0,-36.5
current_-500,0.076338000013493,184902.0,3.08,-1.19,19.38,-571.0,34.0,1.0,1.0,3.0,140.0,-12.0,1.0,-500.0,1.0,-34.0,0.0,0.0,0.0,0.0,0.0,-500.0,-571.0,-34.7
current_-500,0.08695860000443645,184913.0,3.65,-0.62,19.42,-555.0,39.0,1.0,1.0,3.0,166.0,7.9,1.0,-500.0,1.0,-39.0,0.0,0.0,0.0,0.0,0.0,-500.0,-555.0,-39.2
current_-500,0.09620649999123998,184922.0,3.58,-0.68,19.42,-543.0,43.0,1.0,1.0,3.0,163.0,4.3,1.0,-500.0,1.0,-43.0,0.0,0.0,0.0,0.0,0.0,-500.0,-543.0,-43.1
current_-500,0.10662420000880957,184932.0,3.58,-0.68,19.36,-545.0,41.0,1.0,1.0,3.0,163.0,2.9,1.0,-500.0,1.0,-41.0,0.0,0.0,0.0,0.0,0.0,-500.0,-545.0,-41.8
current_-500,0.11634269999922253,184942.0,3.58,-0.68,19.42,-548.0,39.0,1.0,1.0,3.0,163.0,1.9,1.0,-500.0,1.0,-39.0,0.0,0.0,0.0,0.0,0.0,-500.0,-548.0,-39.6
current_-500,0.12706850000540726,184953.0,3.58,-0.68,19.38,-546.0,39.0,1.0,1.0,3.0,163.0,1.3,1.0,-500.0,1.0,-39.0,0.0,0.0,0.0,0.0,0.0,-500.0,-546.0,-39.6
current_-500,0.13672650000080466,184962.0,3.58,-0.68,19.38,-552.0,36.0,1.0,1.0,3.0,163.0,0.9,1.0,-500.0,1.0,-36.0,0.0,0.0,0.0,0.0,0.0,-500.0,-552.0,-36.7
current_-500,0.14724049999495037,184973.0,3.58,-0.68,19.4,-552.0,35.0,1.0,1.0,3.0,163.0,0.6,1.0,-500.0,1.0,-35.0,0.0,0.0,0.0,0.0,0.0,-500.0,-552.0,-35.8
current_-500,0.15656000000308268,184982.0,3.58,-0.68,19.42,-542.0,38.0,1.0,1.0,3.0,163.0,0.5,1.0,-500.0,1.0,-38.0,0.0,0.0,0.0,0.0,0.0,-500.0,-542.0,-39.0
current_-500,0.16617899999255314,184992.0,3.58,-0.68,19.68,-523.0,45.0,1.0,1.0,3.0,163.0,0.3,1.0,-500.0,1.0,-45.0,0.0,0.0,0.0,0.0,0.0,-500.0,-523.0,-45.2
current_-500,0.17683480001869611,185003.0,3.58,-0.68,19.42,-542.0,37.0,1.0,1.0,3.0,163.0,0.2,1.0,-500.0,1.0,-37.0,0.0,0.0,0.0,0.0,0.0,-500.0,-542.0,-37.7
current_-500,0.18662900000344962,185012.0,3.58,-0.68,19.38,-548.0,35.0,1.0,1.0,3.0,163.0,0.1,1.0,-500.0,1.0,-35.0,0.0,0.0,0.0,0.0,0.0,-500.0,-548.0,-35.0
current_-500,0.19723260001046583,185023.0,3.58,-0.68,19.42,-530.0,41.0,1.0,1.0,3.0,163.0,0.1,1.0,-500.0,1.0,-41.0,0.0,0.0,0.0,0.0,0.0,-500.0,-530.0,-41.2
current_-500,0.20648910000454634,185032.0,3.58,-0.68,19.42,-530.0,40.0,1.0,1.0,3.0,163.0,0.1,1.0,-500.0,1.0,-40.0,0.0,0.0,0.0,0.0,0.0,-500.0,-530.0,-41.0
current_-500,0.2170136999920942,185043.0,3.58,-0.68,19.38,-533.0,39.0,1.0,1.0,3.0,163.0,0.1,1.0,-500.0,1.0,-39.0,0.0,0.0,0.0,0.0,0.0,-500.0,-533.0,-39.2
current_-500,0.2278433000028599,185052.0,3.58,-0.68,19.4,-534.0,38.0,1.0,1.0,3.0,163.0,0.0,1.0,-500.0,1.0,-38.0,0.0,0.0,0.0,0.0,0.0,-500.0,-534.0,-38.1
current_-500,0.23649000001023524,185062.0,3.58,-0.68,19.42,-532.0,38.0,1.0,1.0,3.0,163.0,0.0,1.0,-500.0,1.0,-38.0,0.0,0.0,0.0,0.0,0.0,-500.0,-532.0,-38.1
current_-500,0.24723060001269914,185073.0,3.58,-0.68,19.38,-531.0,38.0,1.0,1.0,3.0,163.0,0.0,1.0,-500.0,1.0,-38.0,0.0,0.0,0.0,0.0,0.0,-500.0,-531.0,-38.1
current_-500,0.2566792000143323,185082.0,3.58,-0.68,19.38,-529.0,38.0,1.0,1.0,3.0,163.0,0.0,1.0,-500.0,1.0,-38.0,0.0,0.0,0.0,0.0,0.0,-500.0,-529.0,-38.6
current_-500,0.26690400001825765,185092.0,3.58,-0.68,19.4,-530.0,37.0,1.0,1.0,3.0,163.0,0.0,1.0,-500.0,1.0,-37.0,0.0,0.0,0.0,0.0,0.0,-500.0,-530.0,-37.8
current_-500,0.2771389000117779,185102.0,3.58,-0.68,19.4,-531.0,36.0,1.0,1.0,3.0,163.0,0.0,1.0,-500.0,1.0,-36.0,0.0,0.0,0.0,0.0,0.0,-500.0,-531.0,-36.9
current_-500,0.28630400000838563,185112.0,3.58,-0.68,19.42,-523.0,39.0,1.0,1.0,3.0,163.0,0.0,1.0,-500.0,1.0,-39.0,0.0,0.0,0.0,0.0,0.0,-500.0,-523.0,-39.4
current_-500,0.2969351999927312,185123.0,3.58,-0.68,19.4,-519.0,40.0,1.0,1.0,3.0,163.0,0.0,1.0,-500.0,1.0,-40.0,0.0,0.0,0.0,0.0,0.0,-500.0,-519.0,-40.8
current_-500,0.3061568000121042,185132.0,3.58,-0.68,19.4,-518.0,40.0,1.0,1.0,3.0,163.0,0.0,1.0,-500.0,1.0,-40.0,0.0,0.0,0.0,0.0,0.0,-500.0,-518.0,-40.9
current_-500,0.3168084000062663,185142.0,3.58,-0.68,19.41,-517.0,40.0,1.0,1.0,3.0,163.0,0.0,1.0,-500.0,1.0,-40.0,0.0,0.0,0.0,0.0,0.0,-500.0,-517.0,-40.8
current_-500,0.326349900016794,185152.0,3.58,-0.68,19.38,-521.0,38.0,1.0,1.0,3.0,163.0,0.0,1.0,-500.0,1.0,-38.0,0.0,0.0,0.0,0.0,0.0,-500.0,-521.0,-38.6
current_-500,0.336332200007746,185162.0,3.58,-0.68,19.42,-521.0,38.0,1.0,1.0,3.0,163.0,0.0,1.0,-500.0,1.0,-38.0,0.0,0.0,0.0,0.0,0.0,-500.0,-521.0,-38.3
current_-500,0.3469236000091769,185173.0,3.58,-0.68,19.36,-517.0,39.0,1.0,1.0,3.0,163.0,0.0,1.0,-500.0,1.0,-39.0,0.0,0.0,0.0,0.0,0.0,-500.0,-517.0,-39.9
current_-500,0.35633760000928305,185182.0,3.58,-0.68,19.42,-509.0,42.0,1.0,1.0,3.0,163.0,0.0,1.0,-500.0,1.0,-42.0,0.0,0.0,0.0,0.0,0.0,-500.0,-509.0,-42.5
current_-500,0.3669318000029307,185193.0,3.58,-0.68,19.35,-515.0,39.0,1.0,1.0,3.0,163.0,0.0,1.0,-500.0,1.0,-39.0,0.0,0.0,0.0,0.0,0.0,-500.0,-515.0,-40.0
current_-500,0.37654480000492185,185202.0,3.58,-0.68,19.42,-514.0,39.0,1.0,1.0,3.0,163.0,0.0,1.0,-500.0,1.0,-39.0,0.0,0.0,0.0,0.0,0.0,-500.0,-514.0,-39.7
current_-500,0.386306100001093,185212.0,3.58,-0.68,19.38,-516.0,38.0,1.0,1.0,3.0,163.0,0.0,1.0,-500.0,1.0,-38.0,0.0,0.0,0.0,0.0,0.0,-500.0,-516.0,-38.8
current_-500,0.39697729999898,185223.0,3.58,-0.68,19.41,-510.0,40.0,1.0,1.0,3.0,163.0,0.0,1.0,-500.0,1.0,-40.0,0.0,0.0,0.0,0.0,0.0,-500.0,-510.0,-40.8
current_-500,0.40622800000710413,185232.0,3.58,-0.68,19.41,-516.0,37.0,1.0,1.0,3.0,163.0,0.0,1.0,-500.0,1.0,-37.0,0.0,0.0,0.0,0.0,0.0,-500.0,-516.0,-38.0
current_-500,0.4169240000192076,185242.0,3.58,-0.68,19.42,-515.0,38.0,1.0,1.0,3.0,163.0,0.0,1.0,-500.0,1.0,-38.0,0.0,0.0,0.0,0.0,0.0,-500.0,-515.0,-38.3
current_-500,0.42646030001924373,185252.0,3.58,-0.68,19.38,-508.0,40.0,1.0,1.0,3.0,163.0,0.0,1.0,-500.0,1.0,-40.0,0.0,0.0,0.0,0.0,0.0,-500.0,-508.0,-41.0
current_-500,0.4364198000112083,185262.0,3.58,-0.68,19.36,-493.0,46.0,1.0,1.0,3.0,163.0,0.0,1.0,-500.0,1.0,-46.0,0.0,0.0,0.0,0.0,0.0,-500.0,-493.0,-46.9
current_-500,0.44726499999524094,185273.0,3.58,-0.68,19.42,-510.0,39.0,1.0,1.0,3.0,163.0,0.0,1.0,-500.0,1.0,-39.0,0.0,0.0,0.0,0.0,0.0,-500.0,-510.0,-39.5
current_-500,0.4563608000171371,185282.0,3.58,-0.68,19.38,-507.0,40.0,1.0,1.0,3.0,163.0,0.0,1.0,-500.0,1.0,-40.0,0.0,0.0,0.0,0.0,0.0,-500.0,-507.0,-40.5
current_-500,0.4671522999997251,185293.0,3.58,-0.68,19.38,-511.0,38.0,1.0,1.0,3.0,163.0,0.0,1.0,-500.0,1.0,-38.0,0.0,0.0,0.0,0.0,0.0,-500.0,-511.0,-38.5
current_-500,0.47662460000719875,185302.0,3.58,-0.68,19.38,-515.0,36.0,1.0,1.0,3.0,163.0,0.0,1.0,-500.0,1.0,-36.0,0.0,0.0,0.0,0.0,0.0,-500.0,-515.0,-36.8
current_-500,0.4864995999960229,185312.0,3.58,-0.68,19.36,-519.0,35.0,1.0,1.0,3.0,163.0,0.0,1.0,-500.0,1.0,-35.0,0.0,0.0,0.0,0.0,0.0,-500.0,-519.0,-35.1
current_-500,0.4970032999990508,185323.0,3.58,-0.68,19.38,-511.0,38.0,1.0,1.0,3.0,163.0,0.0,1.0,-500.0,1.0,-38.0,0.0,0.0,0.0,0.0,0.0,-500.0,-511.0,-38.1
current_-500,0.5063550999911968,185332.0,3.58,-0.68,19.38,-513.0,37.0,1.0,1.0,3.0,163.0,0.0,1.0,-500.0,1.0,-37.0,0.0,0.0,0.0,0.0,0.0,-500.0,-513.0,-37.1
current_-500,0.5169502999924589,185342.0,3.58,-0.68,19.42,-509.0,38.0,1.0,1.0,3.0,163.0,0.0,1.0,-500.0,1.0,-38.0,0.0,0.0,0.0,0.0,0.0,-500.0,-509.0,-38.6
current_-500,0.5266163000196684,185352.0,3.58,-0.68,19.38,-504.0,40.0,1.0,1.0,3.0,163.0,0.0,1.0,-500.0,1.0,-40.0,0.0,0.0,0.0,0.0,0.0,-500.0,-504.0,-40.3
current_-500,0.5364761000091676,185362.0,3.58,-0.68,19.38,-489.0,46.0,1.0,1.0,3.0,163.0,0.0,1.0,-500.0,1.0,-46.0,0.0,0.0,0.0,0.0,0.0,-500.0,-489.0,-46.3
current_-500,0.5471361000090837,185373.0,3.58,-0.68,19.37,-520.0,33.0,1.0,1.0,3.0,163.0,0.0,1.0,-500.0,1.0,-33.0,0.0,0.0,0.0,0.0,0.0,-500.0,-520.0,-33.5
current_-500,0.5564827999914996,185382.0,3.58,-0.68,19.4,-514.0,36.0,1.0,1.0,3.0,163.0,0.0,1.0,-500.0,1.0,-36.0,0.0,0.0,0.0,0.0,0.0,-500.0,-514.0,-36.0
current_-500,0.5662386000039987,185392.0,3.58,-0.68,19.42,-509.0,37.0,1.0,1.0,3.0,163.0,0.0,1.0,-500.0,1.0,-37.0,0.0,0.0,0.0,0.0,0.0,-500.0,-509.0,-37.7
current_-500,0.576910300005693,185403.0,3.58,-0.68,19.42,-511.0,36.0,1.0,1.0,3.0,163.0,0.0,1.0,-500.0,1.0,-36.0,0.0,0.0,0.0,0.0,0.0,-500.0,-511.0,-36.7
current_-500,0.5867237999918871,185412.0,3.58,-0.68,19.36,-514.0,35.0,1.0,1.0,3.0,163.0,0.0,1.0,-500.0,1.0,-35.0,0.0,0.0,0.0,0.0,0.0,-500.0,-514.0,-35.8
current_-500,0.597352700016927,185423.0,3.58,-0.68,19.4,-506.0,38.0,1.0,1.0,3.0,163.0,0.0,1.0,-500.0,1.0,-38.0,0.0,0.0,0.0,0.0,0.0,-500.0,-506.0,-38.6
current_-500,0.6066431000072043,185432.0,3.58,-0.68,19.4,-505.0,38.0,1.0,1.0,3.0,163.0,0.0,1.0,-500.0,1.0,-38.0,0.0,0.0,0.0,0.0,0.0,-500.0,-505.0,-38.9
current_-500,0.6163607999915257,185442.0,3.58,-0.68,19.4,-507.0,37.0,1.0,1.0,3.0,163.0,0.0,1.0,-500.0,1.0,-37.0,0.0,0.0,0.0,0.0,0.0,-500.0,-507.0,-37.9
current_-500,0.6270065999997314,185453.0,3.58,-0.68,19.42,-507.0,37.0,1.0,1.0,3.0,163.0,0.0,1.0,-500.0,1.0,-37.0,0.0,0.0,0.0,0.0,0.0,-500.0,-507.0,-37.8
current_-500,0.6369607000087854,185463.0,3.58,-0.68,19.37,-499.0,40.0,1.0,1.0,3.0,163.0,0.0,1.0,-500.0,1.0,-40.0,0.0,0.0,0.0,0.0,0.0,-500.0,-499.0,-40.9
current_-500,0.6465740000130609,185472.0,3.58,-0.68,19.42,-505.0,38.0,1.0,1.0,3.0,163.0,0.0,1.0,-500.0,1.0,-38.0,0.0,0.0,0.0,0.0,0.0,-500.0,-505.0,-38.4
current_-500,0.6569255999929737,185483.0,3.58,-0.68,19.42,-516.0,33.0,1.0,1.0,3.0,163.0,0.0,1.0,-500.0,1.0,-33.0,0.0,0.0,0.0,0.0,0.0,-500.0,-516.0,-33.6
current_-500,0.6665557000087574,185492.0,3.58,-0.68,19.42,-512.0,35.0,1.0,1.0,3.0,163.0,0.0,1.0,-500.0,1.0,-35.0,0.0,0.0,0.0,0.0,0.0,-500.0,-512.0,-35.5
current_-500,0.6763533999910578,185502.0,3.58,-0.68,19.4,-520.0,32.0,1.0,1.0,3.0,163.0,0.0,1.0,-500.0,1.0,-32.0,0.0,0.0,0.0,0.0,0.0,-500.0,-520.0,-32.1
current_-500,0.6869989999977406,185513.0,3.58,-0.68,19.4,-508.0,37.0,1.0,1.0,3.0,163.0,0.0,1.0,-500.0,1.0,-37.0,0.0,0.0,0.0,0.0,0.0,-500.0,-508.0,-37.2
current_-500,0.6964256000064779,185522.0,3.58,-0.68,19.4,-501.0,39.0,1.0,1.0,3.0,163.0,0.0,1.0,-500.0,1.0,-39.0,0.0,0.0,0.0,0.0,0.0,-500.0,-501.0,-39.7
current_-500,0.7068677000061143,185532.0,3.58,-0.68,19.38,-505.0,38.0,1.0,1.0,3.0,163.0,0.0,1.0,-500.0,1.0,-38.0,0.0,0.0,0.0,0.0,0.0,-500.0,-505.0,-38.1
current_-500,0.7164818000164814,185542.0,3.58,-0.68,19.4,-502.0,39.0,1.0,1.0,3.0,163.0,0.0,1.0,-500.0,1.0,-39.0,0.0,0.0,0.0,0.0,0.0,-500.0,-502.0,-39.4
current_-500,0.7262688000046182,185552.0,3.58,-0.68,19.42,-505.0,37.0,1.0,1.0,3.0,163.0,0.0,1.0,-500.0,1.0,-37.0,0.0,0.0,0.0,0.0,0.0,-500.0,-505.0,-37.8
current_-500,0.7372138999926392,185563.0,3.58,-0.68,19.4,-511.0,35.0,1.0,1.0,3.0,163.0,0.0,1.0,-500.0,1.0,-35.0,0.0,0.0,0.0,0.0,0.0,-500.0,-511.0,-35.5
current_-500,0.7466124999918975,185572.0,3.58,-0.68,19.37,-510.0,35.0,1.0,1.0,3.0,163.0,0.0,1.0,-500.0,1.0,-35.0,0.0,0.0,0.0,0.0,0.0,-500.0,-510.0,-36.0
current_-500,0.7563169999921229,185582.0,3.58,-0.68,19.4,-507.0,36.0,1.0,1.0,3.0,163.0,0.0,1.0,-500.0,1.0,-36.0,0.0,0.0,0.0,0.0,0.0,-500.0,-507.0,-36.9
current_-500,0.7670080999960192,185593.0,3.58,-0.68,19.38,-510.0,35.0,1.0,1.0,3.0,163.0,0.0,1.0,-500.0,1.0,-35.0,0.0,0.0,0.0,0.0,0.0,-500.0,-510.0,-35.8
current_-500,0.7768026000121608,185602.0,3.58,-0.68,19.42,-501.0,39.0,1.0,1.0,3.0,163.0,0.0,1.0,-500.0,1.0,-39.0,0.0,0.0,0.0,0.0,0.0,-500.0,-501.0,-39.4
current_-500,0.787450700008776,185613.0,3.58,-0.68,19.38,-508.0,36.0,1.0,1.0,3.0,163.0,0.0,1.0,-500.0,1.0,-36.0,0.0,0.0,0.0,0.0,0.0,-500.0,-508.0,-36.4
current_-500,0.7968486000027042,185622.0,3.58,-0.68,19.38,-498.0,40.0,1.0,1.0,3.0,163.0,0.0,1.0,-500.0,1.0,-40.0,0.0,0.0,0.0,0.0,0.0,-500.0,-498.0,-40.6
current_-500,0.8064444999909028,185632.0,3.58,-0.68,19.38,-507.0,36.0,1.0,1.0,3.0,163.0,0.0,1.0,-500.0,1.0,-36.0,0.0,0.0,0.0,0.0,0.0,-500.0,-507.0,-36.6
current_-500,0.8162204000109341,185642.0,3.58,-0.68,19.42,-517.0,32.0,1.0,1.0,3.0,163.0,0.0,1.0,-500.0,1.0,-32.0,0.0,0.0,0.0,0.0,0.0,-500.0,-517.0,-32.7
current_-500,0.8268694000144023,185652.0,3.58,-0.68,19.44,-510.0,35.0,1.0,1.0,3.0,163.0,0.0,1.0,-500.0,1.0,-35.0,0.0,0.0,0.0,0.0,0.0,-500.0,-510.0,-35.5
current_-500,0.8364677999925334,185662.0,3.58,-0.68,19.42,-488.0,44.0,1.0,1.0,3.0,163.0,0.0,1.0,-500.0,1.0,-44.0,0.0,0.0,0.0,0.0,0.0,-500.0,-488.0,-44.4
current_-500,0.8470253999985289,185673.0,3.58,-0.68,19.42,-501.0,38.0,1.0,1.0,3.0,163.0,0.0,1.0,-500.0,1.0,-38.0,0.0,0.0,0.0,0.0,0.0,-500.0,-501.0,-38.8
current_-500,0.8567157000070438,185682.0,3.58,-0.68,19.38,-505.0,37.0,1.0,1.0,3.0,163.0,0.0,1.0,-500.0,1.0,-37.0,0.0,0.0,0.0,0.0,0.0,-500.0,-505.0,-37.2
current_-500,0.8665253999934066,185692.0,3.58,-0.68,19.35,-502.0,38.0,1.0,1.0,3.0,163.0,0.0,1.0,-500.0,1.0,-38.0,0.0,0.0,0.0,0.0,0.0,-500.0,-502.0,-38.6
current_-500,0.8770957000087947,185703.0,3.58,-0.68,19.42,-504.0,37.0,1.0,1.0,3.0,163.0,0.0,1.0,-500.0,1.0,-37.0,0.0,0.0,0.0,0.0,0.0,-500.0,-504.0,-37.4
current_-500,0.8865231999952812,185712.0,3.58,-0.68,19.42,-511.0,34.0,1.0,1.0,3.0,163.0,0.0,1.0,-500.0,1.0,-34.0,0.0,0.0,0.0,0.0,0.0,-500.0,-511.0,-34.5
current_-500,0.8969930000021122,185723.0,3.58,-0.68,19.38,-508.0,36.0,1.0,1.0,3.0,163.0,0.0,1.0,-500.0,1.0,-36.0,0.0,0.0,0.0,0.0,0.0,-500.0,-508.0,-36.2
current_-500,0.9066202999965753,185732.0,3.58,-0.68,19.42,-509.0,35.0,1.0,1.0,3.0,163.0,0.0,1.0,-500.0,1.0,-35.0,0.0,0.0,0.0,0.0,0.0,-500.0,-509.0,-35.4
current_-500,0.9164570000139065,185742.0,3.58,-0.68,19.4,-513.0,33.0,1.0,1.0,3.0,163.0,0.0,1.0,-500.0,1.0,-33.0,0.0,0.0,0.0,0.0,0.0,-500.0,-513.0,-33.9
current_-500,0.927071000012802,185753.0,3.58,-0.68,19.38,-495.0,41.0,1.0,1.0,3.0,163.0,0.0,1.0,-500.0,1.0,-41.0,0.0,0.0,0.0,0.0,0.0,-500.0,-495.0,-41.3
current_-500,0.9367035000177566,185762.0,3.58,-0.68,19.35,-506.0,36.0,1.0,1.0,3.0,163.0,0.0,1.0,-500.0,1.0,-36.0,0.0,0.0,0.0,0.0,0.0,-500.0,-506.0,-36.6
current_-500,0.9463705999951344,185772.0,3.58,-0.68,19.42,-500.0,38.0,1.0,1.0,3.0,163.0,0.0,1.0,-500.0,1.0,-38.0,0.0,0.0,0.0,0.0,0.0,-500.0,-500.0,-38.7
current_-500,0.9561359999934211,185782.0,3.58,-0.68,19.42,-515.0,32.0,1.0,1.0,3.0,163.0,0.0,1.0,-500.0,1.0,-32.0,0.0,0.0,0.0,0.0,0.0,-500.0,-515.0,-32.7
current_-500,0.9667780000017956,185792.0,3.58,-0.68,19.37,-503.0,37.0,1.0,1.0,3.0,163.0,0.0,1.0,-500.0,1.0,-37.0,0.0,0.0,0.0,0.0,0.0,-500.0,-503.0,-38.0
current_-500,0.9774626000144053,185803.0,3.58,-0.68,19.42,-504.0,37.0,1.0,1.0,3.0,163.0,0.0,1.0,-500.0,1.0,-37.0,0.0,0.0,0.0,0.0,0.0,-500.0,-504.0,-37.1
current_-500,0.9867129000194836,185812.0,3.58,-0.68,19.42,-500.0,38.0,1.0,1.0,3.0,163.0,0.0,1.0,-500.0,1.0,-38.0,0.0,0.0,0.0,0.0,0.0,-500.0,-500.0,-38.8
current_-500,0.9964618000085466,185822.0,3.58,-0.68,19.4,-510.0,34.0,1.0,1.0,3.0,163.0,0.0,1.0,-500.0,1.0,-34.0,0.0,0.0,0.0,0.0,0.0,-500.0,-510.0,-34.8
current_-500,1.0061817000096198,185832.0,3.58,-0.68,19.42,-508.0,35.0,1.0,1.0,3.0,163.0,0.0,1.0,-500.0,1.0,-35.0,0.0,0.0,0.0,0.0,0.0,-500.0,-508.0,-35.6
current_-500,1.0169288000033703,185842.0,3.58,-0.68,19.42,-502.0,37.0,1.0,1.0,3.0,163.0,0.0,1.0,-500.0,1.0,-37.0,0.0,0.0,0.0,0.0,0.0,-500.0,-502.0,-37.9
current_-500,1.0264448999951128,185852.0,3.58,-0.68,19.4,-513.0,33.0,1.0,1.0,3.0,163.0,0.0,1.0,-500.0,1.0,-33.0,0.0,0.0,0.0,0.0,0.0,-500.0,-513.0,-33.5
current_-500,1.0369417000038084,185863.0,3.58,-0.68,19.42,-490.0,42.0,1.0,1.0,3.0,163.0,0.0,1.0,-500.0,1.0,-42.0,0.0,0.0,0.0,0.0,0.0,-500.0,-490.0,-42.7
current_-500,1.04625839999062,185872.0,3.58,-0.68,19.42,-502.0,37.0,1.0,1.0,3.0,163.0,0.0,1.0,-500.0,1.0,-37.0,0.0,0.0,0.0,0.0,0.0,-500.0,-502.0,-37.7
current_-500,1.0567977000027895,185882.0,3.58,-0.68,19.42,-506.0,36.0,1.0,1.0,3.0,163.0,0.0,1.0,-500.0,1.0,-36.0,0.0,0.0,0.0,0.0,0.0,-500.0,-506.0,-36.3
current_-500,1.0664469000184909,185892.0,3.58,-0.68,19.38,-501.0,38.0,1.0,1.0,3.0,163.0,0.0,1.0,-500.0,1.0,-38.0,0.0,0.0,0.0,0.0,0.0,-500.0,-501.0,-38.3
current_-500,1.0763367000035942,185902.0,3.58,-0.68,19.38,-512.0,34.0,1.0,1.0,3.0,163.0,0.0,1.0,-500.0,1.0,-34.0,0.0,0.0,0.0,0.0,0.0,-500.0,-512.0,-34.0
current_-500,1.0869092000066303,185913.0,3.58,-0.68,19.38,-503.0,37.0,1.0,1.0,3.0,163.0,0.0,1.0,-500.0,1.0,-37.0,0.0,0.0,0.0,0.0,0.0,-500.0,-503.0,-37.6
current_-500,1.0962893000105396,185922.0,3.58,-0.68,19.4,-498.0,39.0,1.0,1.0,3.0,163.0,0.0,1.0,-500.0,1.0,-39.0,0.0,0.0,0.0,0.0,0.0,-500.0,-498.0,-39.6
current_-500,1.106813599995803,185932.0,3.58,-0.68,19.38,-504.0,37.0,1.0,1.0,3.0,163.0,0.0,1.0,-500.0,1.0,-37.0,0.0,0.0,0.0,0.0,0.0,-500.0,-504.0,-37.3
current_-500,1.1165139999939129,185942.0,3.58,-0.68,19.4,-504.0,36.0,1.0,1.0,3.0,163.0,0.0,1.0,-500.0,1.0,-36.0,0.0,0.0,0.0,0.0,0.0,-500.0,-504.0,-36.8
current_-500,1.1263157000066712,185952.0,3.58,-0.68,19.42,-507.0,35.0,1.0,1.0,3.0,163.0,0.0,1.0,-500.0,1.0,-35.0,0.0,0.0,0.0,0.0,0.0,-500.0,-507.0,-35.9
current_-500,1.1371941000106744,185963.0,3.58,-0.68,19.42,-499.0,39.0,1.0,1.0,3.0,163.0,0.0,1.0,-500.0,1.0,-39.0,0.0,0.0,0.0,0.0,0.0,-500.0,-499.0,-39.1
current_-500,1.1464772000035737,185972.0,3.58,-0.68,19.42,-502.0,37.0,1.0,1.0,3.0,163.0,0.0,1.0,-500.0,1.0,-37.0,0.0,0.0,0.0,0.0,0.0,-500.0,-502.0,-37.7
current_-500,1.1564171999925748,185982.0,3.58,-0.68,19.38,-506.0,36.0,1.0,1.0,3.0,163.0,0.0,1.0,-500.0,1.0,-36.0,0.0,0.0,0.0,0.0,0.0,-500.0,-506.0,-36.4
current_-500,1.1668576000083704,185993.0,3.58,-0.68,19.4,-500.0,38.0,1.0,1.0,3.0,163.0,0.0,1.0,-500.0,1.0,-38.0,0.0,0.0,0.0,0.0,0.0,-500.0,-500.0,-38.5
current_-500,1.1766141999978572,186002.0,3.58,-0.68,19.37,-496.0,40.0,1.0,1.0,3.0,163.0,0.0,1.0,-500.0,1.0,-40.0,0.0,0.0,0.0,0.0,0.0,-500.0,-496.0,-40.2
current_-500,1.1872907000069972,186013.0,3.58,-0.68,19.42,-512.0,33.0,1.0,1.0,3.0,163.0,0.0,1.0,-500.0,1.0,-33.0,0.0,0.0,0.0,0.0,0.0,-500.0,-512.0,-33.6
current_-500,1.1966284000081941,186022.0,3.58,-0.68,19.42,-507.0,35.0,1.0,1.0,3.0,163.0,0.0,1.0,-500.0,1.0,-35.0,0.0,0.0,0.0,0.0,0.0,-500.0,-507.0,-35.5
current_-500,1.2063523000106215,186032.0,3.58,-0.68,19.38,-503.0,37.0,1.0,1.0,3.0,163.0,0.0,1.0,-500.0,1.0,-37.0,0.0,0.0,0.0,0.0,0.0,-500.0,-503.0,-37.3
current_-500,1.217301500000758,186043.0,3.58,-0.68,19.32,-501.0,38.0,1.0,1.0,3.0,163.0,0.0,1.0,-500.0,1.0,-38.0,0.0,0.0,0.0,0.0,0.0,-500.0,-501.0,-38.5
current_-500,1.2269278000167105,186053.0,3.58,-0.68,19.41,-509.0,34.0,1.0,1.0,3.0,163.0,0.0,1.0,-500.0,1.0,-34.0,0.0,0.0,0.0,0.0,0.0,-500.0,-509.0,-34.6
current_-500,1.2365228999988176,186062.0,3.58,-0.68,19.41,-499.0,38.0,1.0,1.0,3.0,163.0,0.0,1.0,-500.0,1.0,-38.0,0.0,0.0,0.0,0.0,0.0,-500.0,-499.0,-38.7
current_-500,1.247071899997536,186073.0,3.58,-0.68,19.42,-498.0,38.0,1.0,1.0,3.0,163.0,0.0,1.0,-500.0,1.0,-38.0,0.0,0.0,0.0,0.0,0.0,-500.0,-498.0,-39.0
current_-500,1.256644300010521,186082.0,3.58,-0.68,19.38,-493.0,41.0,1.0,1.0,3.0,163.0,0.0,1.0,-500.0,1.0,-41.0,0.0,0.0,0.0,0.0,0.0,-500.0,-493.0,-41.3
current_-500,1.266540000011446,186092.0,3.58,-0.68,19.38,-518.0,31.0,1.0,1.0,3.0,163.0,0.0,1.0,-500.0,1.0,-31.0,0.0,0.0,0.0,0.0,0.0,-500.0,-518.0,-31.2
current_-500,1.277225099998759,186103.0,3.58,-0.68,19.4,-516.0,32.0,1.0,1.0,3.0,163.0,0.0,1.0,-500.0,1.0,-32.0,0.0,0.0,0.0,0.0,0.0,-500.0,-516.0,-32.1
current_-500,1.286601800005883,186112.0,3.58,-0.68,19.42,-506.0,36.0,1.0,1.0,3.0,163.0,0.0,1.0,-500.0,1.0,-36.0,0.0,0.0,0.0,0.0,0.0,-500.0,-506.0,-36.0
current_-500,1.2961769000103232,186122.0,3.58,-0.68,19.37,-495.0,40.0,1.0,1.0,3.0,163.0,0.0,1.0,-500.0,1.0,-40.0,0.0,0.0,0.0,0.0,0.0,-500.0,-495.0,-40.8
current_-500,1.306863500009058,186132.0,3.58,-0.68,19.4,-502.0,37.0,1.0,1.0,3.0,163.0,0.0,1.0,-500.0,1.0,-37.0,0.0,0.0,0.0,0.0,0.0,-500.0,-502.0,-37.7
current_-500,1.316685600002529,186142.0,3.58,-0.68,19.42,-506.0,35.0,1.0,1.0,3.0,163.0,0.0,1.0,-500.0,1.0,-35.0,0.0,0.0,0.0,0.0,0.0,-500.0,-506.0,-36.0
current_-500,1.327363599993987,186153.0,3.58,-0.68,19.4,-506.0,36.0,1.0,1.0,3.0,163.0,0.0,1.0,-500.0,1.0,-36.0,0.0,0.0,0.0,0.0,0.0,-500.0,-506.0,-36.0
current_-500,1.3371696000103839,186163.0,3.58,-0.68,19.4,-484.0,45.0,1.0,1.0,3.0,163.0,0.0,1.0,-500.0,1.0,-45.0,0.0,0.0,0.0,0.0,0.0,-500.0,-484.0,-45.2
current_-500,1.3465449000068475,186172.0,3.58,-0.68,19.38,-501.0,38.0,1.0,1.0,3.0,163.0,0.0,1.0,-500.0,1.0,-38.0,0.0,0.0,0.0,0.0,0.0,-500.0,-501.0,-38.2
current_-500,1.3563641000073403,186182.0,3.58,-0.68,19.38,-497.0,39.0,1.0,1.0,3.0,163.0,0.0,1.0,-500.0,1.0,-39.0,0.0,0.0,0.0,0.0,0.0,-500.0,-497.0,-39.7
current_-500,1.3669727999949828,186193.0,3.58,-0.68,19.38,-504.0,37.0,1.0,1.0,3.0,163.0,0.0,1.0,-500.0,1.0,-37.0,0.0,0.0,0.0,0.0,0.0,-500.0,-504.0,-37.0
current_-500,1.3763900000194553,186202.0,3.58,-0.68,19.42,-494.0,40.0,1.0,1.0,3.0,163.0,0.0,1.0,-500.0,1.0,-40.0,0.0,0.0,0.0,0.0,0.0,-500.0,-494.0,-40.7
current_-500,1.3869423000141978,186213.0,3.58,-0.68,19.38,-494.0,40.0,1.0,1.0,3.0,163.0,0.0,1.0,-500.0,1.0,-40.0,0.0,0.0,0.0,0.0,0.0,-500.0,-494.0,-41.0
current_-500,1.3966972999915015,186222.0,3.58,-0.68,19.38,-501.0,37.0,1.0,1.0,3.0,163.0,0.0,1.0,-500.0,1.0,-37.0,0.0,0.0,0.0,0.0,0.0,-500.0,-501.0,-38.0
current_-500,1.40638180001406,186232.0,3.58,-0.68,19.38,-498.0,39.0,1.0,1.0,3.0,163.0,0.0,1.0,-500.0,1.0,-39.0,0.0,0.0,0.0,0.0,0.0,-500.0,-498.0,-39.1
current_-500,1.4169939999992494,186243.0,3.58,-0.68,19.38,-509.0,34.0,1.0,1.0,3.0,163.0,0.0,1.0,-500.0,1.0,-34.0,0.0,0.0,0.0,0.0,0.0,-500.0,-509.0,-34.7
current_-500,1.4262226000137161,186252.0,3.58,-0.68,19.38,-492.0,41.0,1.0,1.0,3.0,163.0,0.0,1.0,-500.0,1.0,-41.0,0.0,0.0,0.0,0.0,0.0,-500.0,-492.0,-41.4
current_-500,1.4365325999970082,186262.0,3.58,-0.68,19.42,-504.0,36.0,1.0,1.0,3.0,163.0,0.0,1.0,-500.0,1.0,-36.0,0.0,0.0,0.0,0.0,0.0,-500.0,-504.0,-36.7
current_-500,1.446213599992916,186272.0,3.58,-0.68,19.42,-498.0,39.0,1.0,1.0,3.0,163.0,0.0,1.0,-500.0,1.0,-39.0,0.0,0.0,0.0,0.0,0.0,-500.0,-498.0,-39.0
current_-500,1.456777300016256,186282.0,3.58,-0.68,19.32,-504.0,36.0,1.0,1.0,3.0,163.0,0.0,1.0,-500.0,1.0,-36.0,0.0,0.0,0.0,0.0,0.0,-500.0,-504.0,-36.9
current_-500,1.4661683000158519,186292.0,3.58,-0.68,19.42,-493.0,41.0,1.0,1.0,3.0,163.0,0.0,1.0,-500.0,1.0,-41.0,0.0,0.0,0.0,0.0,0.0,-500.0,-493.0,-41.0
current_-500,1.4767839999985881,186302.0,3.58,-0.68,19.36,-501.0,37.0,1.0,1.0,3.0,163.0,0.0,1.0,-500.0,1.0,-37.0,0.0,0.0,0.0,0.0,0.0,-500.0,-501.0,-37.9
current_-500,1.486457099992549,186312.0,3.58,-0.68,19.35,-504.0,36.0,1.0,1.0,3.0,163.0,0.0,1.0,-500.0,1.0,-36.0,0.0,0.0,0.0,0.0,0.0,-500.0,-504.0,-36.8
current_-500,1.4961872000130825,186322.0,3.58,-0.68,19.42,-502.0,37.0,1.0,1.0,3.0,163.0,0.0,1.0,-500.0,1.0,-37.0,0.0,0.0,0.0,0.0,0.0,-500.0,-502.0,-37.2
current_-500,1.506821899994975,186332.0,3.58,-0.68,19.4,-493.0,40.0,1.0,1.0,3.0,163.0,0.0,1.0,-500.0,1.0,-40.0,0.0,0.0,0.0,0.0,0.0,-500.0,-493.0,-40.8
